CC_fast,CC_lag,SC_fast,SC_lag,dt,dt_error,mean_SNR_0,n_data,network,phi,phi_error,st_ele,st_lat,st_lon,station
134.6,0.85,165.3,2.97,1.52394003548,0.203377053451,6.10511357397,165,Z3,124.96005082,6.18264029474,469.0,47.677545,16.090361,A009A
113.9,1.45,118.1,1.65,1.2200756866,0.0093635343964,8.55704112012,231,Z3,102.761700071,0.859435301094,230.0,48.740379,16.020298,A006A
120.05,2.85,6.9,1.1,2.39576998481,0.0141928498529,17.9110570878,57,Z3,123.894023778,0.156353234665,176.0,48.37843,16.120699,A005A
94.05,0.65,156.05,2.65,2.31617809397,0.334625680185,10.8309400353,135,Z3,79.4572493873,2.03526388632,748.0,47.743667,15.077621,A018A
133.6,0.72,167.8,0.91,0.99638339527,0.0813432108217,7.17556840887,146,Z3,105.206612976,2.23606775831,530.0,48.063503,15.406258,A013A
119.2,1.41,142.2,2.93,2.8247629454,0.123796138549,5.05116462356,60,Z3,80.1085593922,0.702626949472,303.0,48.213063,14.136727,A024A
99.9,0.84,71.1,2.95,1.5259136121,0.155792638548,10.2640919323,123,Z3,72.3676120279,2.49431992311,589.0,47.947999,14.758903,A017A
146.5,1.85,154.2,0.91,1.95879255349,0.615608154663,10.0426927459,159,Z3,87.0024693351,5.49000134473,773.0,48.348264,15.161949,A014A
164.6,0.72,144.7,0.91,1.49640996311,0.0875181319925,4.79557121158,292,CZ,127.311355537,1.53212722535,828.0,48.8591,17.6707,JAVC
135.1,2.09,136.8,2.87,1.33704302241,0.02966568982,5.63245070284,178,CZ,113.977251615,1.15122839568,470.0,49.3084,16.5933,VRAC
150.0,0.71,167.6,1.7,1.09422616024,0.046594918612,6.98202499518,115,Z3,126.869357556,2.21931646904,320.0,48.446947,18.335925,A335A
154.7,0.25,8.8,0.97,1.51401525816,3.22268078951e-06,5.97460351926,124,CZ,178.318169022,0.00437393997378,559.0,49.2948,15.4871,TREC
99.0,0.79,150.2,2.89,0.89756593615,0.0574697702862,8.78691462913,207,CZ,121.488367317,3.27917966454,302.0,49.9883,14.5417,PRU
144.0,0.8,170.3,2.52,0.448309593911,0.146013805557,7.951292166,172,Z3,135.387297877,11.359885761,484.0,48.716246,15.528793,A007A
66.1,0.72,31.8,2.89,1.42446689574,0.13833112823,7.47610534683,171,SI,55.8027840782,2.61791750579,860.0,45.9595,10.9436,LUSI
82.8,1.04,36.8,2.92,1.91204059293,0.182959942646,5.2259748356,114,Z3,95.3252424623,3.15005255599,1105.0,47.10295,13.99576,A028A
44.5,1.21,2.6,1.29,1.22914303895,0.00629620717791,6.80207527409,55,SI,39.1962968619,0.325055963257,242.0,46.4952,11.3185,BOSI
79.4,0.91,77.8,2.9,1.6952105291,0.259357400358,6.87554137169,110,Z3,84.7196197652,3.77139920642,794.0,47.52074,14.41648,A025A
92.3,1.0,36.5,2.96,1.8687189609,0.18550892181,7.36953725871,240,Z3,70.2932182637,2.95121949074,827.0,47.479741,13.125997,A033A
116.5,0.53,152.3,2.89,1.04080489751,0.0899300249252,5.26913465551,181,CZ,98.4316057351,5.30905221017,700.0,49.1309,13.5782,KHC
64.8,1.3,19.6,1.47,1.64004011884,0.187996982929,9.16515951137,178,ST,49.9554297791,2.81589197852,1617.0,46.0835,10.9587,GAGG
124.5,0.95,163.8,0.91,0.984053393421,0.0673928380027,6.37230147906,168,CZ,128.431149113,3.07385956354,341.0,49.0619,16.3952,KRUC
126.1,0.84,8.1,2.9,1.18181853236,0.0262450164574,14.5998133313,117,SK,137.531136496,0.986673534815,480.0,48.494,18.8361,VYHS
118.1,0.85,148.05,3.05,2.89864864383,0.079540505925,7.73159784282,135,HU,78.0040840111,0.587695423802,126.0,47.4162,17.3317,EGYH
78.05,2.85,80.3,1.64,1.3835567263,0.000527062814112,5.58932400439,67,HU,155.028344331,0.126551727827,320.0,47.3631,18.2606,CSKK
97.8,1.47,130.0,1.48,1.90999393369,0.095139141804,6.49134246583,241,Z3,89.6152213822,1.34748142146,800.0,46.933176,14.551554,A026A
36.3,1.5,10.0,1.3,1.60240972849,0.0909589025724,6.38845545224,92,SI,46.3287904347,1.63687787853,1801.0,46.7285,11.3205,ABSI
116.1,0.68,146.6,1.35,2.32461230163,0.0883443917895,8.83941908345,131,Z3,78.9548769684,0.937468188085,1217.0,46.8159,14.00737,A027A
128.0,2.68,136.6,2.91,1.83235533058,0.153138957035,8.97597919906,205,Z3,98.509389852,2.36287299189,427.0,49.150114,18.220939,A331A
0.05,0.05,0.05,0.05,3.0,0.895322397665,7.91889713369,35,SK,145.340370974,4.05231753645,520.0,48.373,17.277,MODS
36.9,0.34,133.5,0.96,2.30222634863,0.268269916966,5.66465087258,80,SI,64.3852556316,1.95498489507,1917.0,46.9281,11.4118,ROSI
114.5,0.53,152.9,2.88,1.29412790304,0.194839301538,7.49021689954,137,Z3,80.5520869037,3.01184569446,992.0,47.43007,13.76105,A029A
101.2,0.73,133.5,2.9,1.04736938415,0.137497233121,5.45113851474,160,HU,106.367102638,3.46915222821,196.0,47.4831,19.0201,BUD
120.5,0.52,15.3,2.89,1.71570165007,0.0995117041669,9.64035825225,160,Z3,115.848708249,2.65718728585,359.0,48.804489,18.464488,A332A
110.4,0.96,126.4,2.93,1.63176494625,0.111516117258,6.85152698965,77,CZ,126.684152443,2.03481756445,740.0,49.7766,17.5428,MORC
115.0,1.13,132.8,2.6,1.54582001677,0.253100089349,4.83465711791,172,HU,97.4929004474,7.836452643,260.0,47.6807,16.5567,SOP
18.9,0.65,35.3,3.05,1.24516337435,0.0887018601518,4.97982909094,69,SI,49.9859824913,2.16899318613,1604.0,46.463,11.3778,KOSI
105.5,2.99,39.0,2.95,1.98717334869,0.0736313323676,6.75242886598,78,Z3,89.8086277861,1.91418351155,1050.0,46.90914,13.07875,A034A
75.3,2.87,117.5,2.88,0.897952535756,0.0595980281985,inf,120,Z3,95.2720978927,2.42708555602,587.0,48.46082,14.07072,A023A
160.9,0.53,19.6,1.88,1.3001414908,0.142399371752,18.893777135,167,Z3,108.740281706,3.60676296388,430.0,49.7049,16.8893,A087A
110.2,0.53,75.7,1.67,2.59579547863,0.588462674608,8.12963400555,84,Z3,84.8322232126,4.31000734236,391.0,49.8528,16.1457,A086A
117.8,0.45,115.5,0.52,0.931229879922,0.0750030859247,21.7495169974,178,Z3,97.6797405304,3.36135162926,117.0,48.244305,17.789761,A337A
131.9,0.55,78.6,2.37,0.708349107325,0.161023317709,7.20835514014,210,Z3,83.0569549001,6.45916553089,500.0,48.93337,14.99364,A015A
10.5,1.83,38.8,1.29,3.0,0.700907199925,6.9115770919,88,Z3,1.52692455232,5.42033059638,110.0,47.829403,17.655876,A339A
69.0,1.03,98.6,2.95,1.51299127604,0.0706278163238,5.76868865495,102,SI,88.0562808367,1.96238256508,1785.0,46.948,12.0787,RISI
63.2,0.72,62.3,0.91,1.31657240256,0.0938551122169,8.18691951247,205,OE,59.4634695022,2.33518917827,1632.0,47.0211,10.7291,FETA
98.0,0.9,155.8,0.91,1.56183444456,0.111220252518,6.07940557393,160,OE,92.2400011517,1.90585086815,1721.0,47.0784,13.3447,KBA
123.9,0.85,166.1,2.62,1.21916938696,0.242646758292,10.2609484931,127,Z3,139.053456392,5.21003332156,502.0,49.684,14.9288,A080A
62.3,1.68,62.2,2.9,1.77578233795,0.0647667041902,10.0799538468,187,OE,56.509748371,1.2675937881,1602.0,47.2867,9.8803,DAVA
100.6,0.47,18.2,0.96,0.886368168315,0.0345930924517,6.15467697999,146,OE,119.268136078,1.77381150274,1046.0,47.9282,15.8618,CONA
91.5,0.79,131.5,1.3,1.32880565866,0.0674320248304,6.00826615339,182,OE,97.0468122073,2.14551549103,1074.7,46.5092,14.5489,OBKA
88.5,1.48,95.8,1.27,1.80949681548,0.1436127092,6.41199864889,143,Z3,42.7701352831,2.3006116582,1652.0,47.1968,12.720905,A035A
78.3,1.21,32.0,1.31,1.48634756082,0.0758983549094,7.95491781724,120,Z3,89.2140622182,1.46998002454,366.0,48.42719,13.49746,A031A
69.0,0.23,36.2,1.1,1.69130768324,0.293734474451,12.414943435,129,Z3,125.780596519,2.73967640949,438.0,49.2288,14.7074,A079A
59.3,1.79,96.7,1.82,1.79190546876,0.0854775514571,7.58902906493,173,OE,74.750183761,2.16275022375,1041.0,46.7474,12.5123,ABTA
34.5,0.53,7.6,1.92,1.28884296938,0.096784485505,9.35330946426,241,OE,57.9103866978,2.03559767191,1575.0,47.3448,11.1037,MOTA
51.0,2.05,109.8,2.97,1.97672247865,0.143983904598,10.2607601243,70,Z3,87.4054479718,4.26300068888,390.0,46.948445,15.299396,A020A
28.0,0.93,167.5,1.35,1.10418543082,0.172913589094,10.2582349393,165,OE,65.6808797115,4.02353816902,965.0,47.4871,10.7623,RETA
112.5,0.63,144.2,0.66,1.05656235919,0.104988219303,10.7603284326,126,Z3,121.461394707,11.8228904194,403.0,48.9434,15.7007,A084A
16.3,0.62,26.7,1.7,1.37721862934,0.10120604352,7.88803268971,203,OE,55.2879765983,2.59476322623,1307.0,47.2205,11.2087,SQTA
29.7,1.93,24.5,1.98,0.395539696154,0.440972547936,5.86509813156,236,OE,108.525852084,114.07443478,577.0,47.2505,15.5232,ARSA
132.05,1.25,168.05,3.05,1.78826733584,0.0181392150096,24.2422851517,112,Z3,126.770019203,0.0839062761874,188.0,47.962876,16.397063,A004A
101.7,1.11,135.0,1.39,2.59945315487,0.16707534009,7.1631969089,142,OE,78.8203826671,0.781875555692,572.0,47.8495,14.2659,MOA
0.05,0.05,0.05,0.05,1.41413847674,0.0171853573058,36.1918226245,125,Z3,148.003844916,0.492369919925,573.0,49.6959,15.6077,A083A
75.4,2.91,84.9,1.96,1.43934560226,0.0843967212483,7.65776169932,160,Z3,101.150244769,2.57935894077,265.0,46.756569,15.825348,A021A
109.2,1.41,159.3,1.47,1.38717977596,0.00457204614307,6.68095366449,52,Z3,124.688100588,0.19989327131,162.0,48.317533,16.615229,A002A
28.1,0.72,20.4,0.72,1.56356847494,0.189776060816,5.96490605094,168,OE,70.2438928698,2.18114340005,1764.0,47.2638,11.6363,WTTA
40.2,1.18,8.9,1.27,1.52109868048,0.119105303212,9.72746144548,170,OE,56.7351319386,2.5416824551,1492.0,47.3357,11.5763,WATA
48.2,1.77,24.3,2.01,1.98382529843,0.0812713390804,8.52566375676,232,Z3,54.7317700507,1.57302731489,2020.0,47.070347,10.264323,A037A
117.0,1.03,151.9,0.91,1.29042422881,0.0640277736982,12.184777639,152,Z3,125.546803224,2.99228574793,263.0,49.1521,17.092,A089A
91.2,1.77,102.0,1.3,1.30460832442,0.0650330529773,7.72776924439,190,Z3,87.8049699193,2.16180806387,640.0,47.8277,13.5612,A030A
29.1,0.64,139.4,2.88,1.3074711872,0.39541960233,7.68073228924,143,Z3,84.8072655509,8.35273113265,266.0,47.073329,16.079254,A010A
155.9,0.5,144.0,0.91,1.3469920653,0.0119098146004,12.7697213186,131,Z3,121.975571814,0.481659204665,458.0,49.4392,16.1962,A085A
102.7,0.99,151.8,1.39,3.0,0.120573138115,9.40349933864,53,Z3,156.360958374,0.522889292269,211.0,49.4303,17.2911,A088A
78.0,0.59,34.8,0.98,1.04167880103,0.073009196427,6.60041204046,115,CZ,93.1602900813,1.44368494719,500.0,48.8199,14.3095,CKRC
147.5,1.0,171.0,0.91,1.00140505361,0.0223929446881,6.70981385988,144,OE,109.159868261,1.194428437,1039.0,47.9282,15.8588,CSNA
0.05,0.05,0.05,0.05,1.5908324871,0.00464010516899,18.3491999845,117,Z3,91.0695828445,0.0190869088126,608.0,48.12299,13.30632,A032A
124.1,0.52,150.8,0.71,1.43729851875,0.140903489387,9.88040016988,142,Z3,138.221155817,4.45990495081,659.0,49.3655,17.8278,A090A
38.5,1.29,30.4,2.92,1.84952558433,0.14844913823,8.72902408804,180,Z3,79.8700127869,4.62713312059,1020.0,47.378903,12.308427,A036A
73.5,1.01,43.4,1.25,1.14017742666,0.0980369721155,11.7575419847,92,BW,96.8395454719,2.43820458223,607.0,49.14502,12.87571,WETR
33.6,0.63,10.8,1.18,1.46183794597,0.0494149402573,8.50238774074,175,Z3,70.736630941,1.01339465867,385.0,49.6715,13.5309,A074A
0.05,0.05,0.05,0.05,2.01470168819,0.767409247811,13.279743903,75,Z3,126.024016299,6.70685653053,220.0,50.061,15.6502,A082A
122.1,0.85,92.05,3.05,1.6027478217,0.000505383958183,13.5555425697,66,Z3,167.670261444,0.188435996793,285.0,50.0377,13.8737,A075A
90.0,0.84,69.5,2.99,1.23798645258,0.155450615837,9.57743180627,135,Z3,90.1308411895,5.8861528619,228.0,50.0752,15.0341,A081A
100.8,1.03,64.9,2.65,1.40098509736,0.393813946952,8.32795309587,182,Z3,107.334282935,9.32534987372,532.0,49.6168,14.1494,A076A
58.1,1.05,72.5,0.91,1.14863962124,0.0625807390195,5.7688811782,180,Z3,67.1320134591,1.43631156451,6.0,45.819313,13.127954,A300A
140.7,1.64,147.9,2.8,1.67268052036,0.281419365414,7.31217480799,139,Z3,159.668626275,4.84734444519,450.0,45.4307,5.23226,A215A
76.9,0.9,15.6,0.91,1.53138359851,0.0744675345138,10.5477398223,141,GR,60.0301913696,1.87138854159,565.0,48.1639,11.2768,FUR
28.8,1.43,28.5,1.48,2.2026173619,0.0302891210311,12.6979052297,30,Z3,46.1490790651,0.472152360876,547.0,47.810224,9.52212,A103A
0.05,0.05,0.05,0.05,1.45587062198,0.000675892587177,5.46864824665,52,Z3,61.1920178671,0.00933989749705,323.0,49.39802,9.48334,A116A
,,,,,,10.6285518891,48,Z3,,,452.0,49.8214,11.6903,A352A
81.9,1.45,108.2,2.22,3.0,0.347249701295,8.48080651435,20,Z3,36.5340234065,2.08313247481,575.0,48.062785,9.710348,A104A
113.5,0.5,147.0,0.91,2.59570006048,0.6872564587,6.9324225317,160,Z3,78.5220007722,2.35578689932,151.0,46.42445,17.79538,A265A
132.05,3.05,34.05,3.05,3.0,0.973041173163,12.1387206056,88,GU,32.4988692802,1.99830990302,1690.0,44.0426,7.8082,MGRO
46.7,0.62,76.5,0.64,2.7883830482,0.0394010321402,9.67449308932,114,Z3,99.2707894491,0.133230603877,249.0,49.8478,10.2132,A111A
110.05,1.65,38.05,3.05,0.95843871709,0.0102747768762,6.46347780999,147,Z3,59.9346310526,1.12943188322,116.0,46.94631,18.48203,A267A
9.9,0.85,8.05,0.85,1.42452627803,0.000125404222694,10.9946480867,88,IV,170.943153363,0.0408209577398,260.0,44.22454,11.76657,BRIS
106.05,1.05,130.05,3.05,0.88508858065,0.00921567712069,8.92025311547,102,Z3,94.732469039,0.0267389623571,165.0,46.64078,17.31486,A263A
38.6,1.67,158.8,2.96,2.4249537348,0.0539906668252,11.324394278,25,Z3,38.4178773173,0.585056008791,1306.0,46.0082,8.4818,A288A
,,,,,,8.01829748653,76,Z3,,,327.0,49.4523,10.969,A354A
41.0,1.43,12.6,0.91,1.45600548253,0.122937388583,inf,140,Z3,51.1714773868,3.47672275339,11.0,45.344273,12.31822,A303A
59.0,1.29,43.2,2.91,1.70144819238,0.0795344435134,10.4999366427,75,Z3,78.1468084821,2.75533485491,494.0,49.04409,9.56839,A117A
69.5,1.19,45.4,1.19,1.57437251122,0.0109452714969,12.8293501755,65,Z3,85.5085379227,0.223334090775,466.0,49.5901,9.1824,A114A
31.1,0.67,34.3,0.7,1.3172831529,0.00192527694743,11.437615973,45,Z3,54.3437195279,0.0443247606567,665.0,48.44379,9.458581,A109A
97.1,1.67,37.8,1.86,2.08970974838,0.208560542024,9.72587959635,30,Z3,75.908698145,4.60410424742,182.0,48.98935,8.49214,A126A
80.05,2.05,82.05,1.85,1.10316418149,0.0266388599602,5.92486054178,105,Z3,91.8369149755,0.633600111076,622.0,48.0044,6.347,A158A
0.05,0.05,0.05,0.05,1.90685756336,0.0775257693172,7.1830641286,116,Z3,115.155133346,1.54347903398,502.0,49.7419,12.6911,A071A
0.05,0.05,0.05,0.05,1.58402591714,inf,11.7306685163,54,Z3,114.911008725,inf,174.0,47.154749,18.834197,A271A
44.4,0.63,4.2,0.71,1.09589512255,0.0579319412151,8.57692815662,92,Z3,54.1193574995,1.77487657863,26.0,45.63353,11.971315,A302A
110.05,1.05,136.05,2.85,1.78162972264,0.0825080238812,3.75477703014,107,GU,124.71181906,1.10704752328,350.0,44.166,10.153,EQUI
56.05,1.65,124.05,3.05,0.900219201752,0.00134873202008,7.90558783542,20,Z3,88.0461705251,0.00313805926994,489.0,50.1674,11.5708,A350A
133.0,2.27,105.1,1.19,1.52385805737,0.0972350005308,6.77278321881,157,GR,80.7027243167,1.76724165675,1150.0,48.844303,13.700627,GEC2
23.6,1.42,8.9,1.48,1.95762046162,0.0996390381735,15.3772847442,50,Z3,73.1356534184,1.87515059979,1568.0,46.6246,11.8805,A291A
28.05,1.05,14.1,1.05,1.77192704783,0.00237554148524,13.9524247476,30,Z3,49.7203271927,0.0325649762184,1729.0,46.5068,10.9028,A290A
98.9,0.98,122.7,1.6,2.03028545726,0.036799235273,9.87435494266,30,Z3,56.9627731293,0.416570069983,564.0,48.347749,9.83113,A108A
112.05,1.65,124.05,3.05,1.42006731094,0.0209797581042,5.69600547136,35,Z3,95.2980553896,0.275444227162,862.0,45.0125,16.9069,A051A
30.1,2.42,33.9,2.59,2.12719330504,0.0104157176349,2.4167599423,5,Z3,35.1129597266,0.150086708732,428.0,45.2545,7.6133,A282A
0.05,0.05,0.05,0.05,1.98840492795,0.0209587498944,8.21150717731,115,Z3,110.119378038,0.0435839519343,398.0,49.0371,12.2138,A356A
102.4,1.1,137.0,0.96,1.40922348305,0.0926307088538,6.54414626222,150,GR,94.2534232936,2.23318789792,613.0,49.1448,12.8803,WET
53.1,1.25,21.1,1.47,1.4138795702,0.0506322628162,6.85100504862,95,ST,52.8119981343,1.15619881172,1660.0,45.8808,11.1884,DOSS
54.2,1.25,27.9,3.05,1.3568910352,0.000865423673689,11.1946846375,31,Z3,46.6946519532,0.0877380251039,277.0,49.273972,9.052361,A115A
0.05,0.05,0.05,0.05,1.45489850124,0.000194083490144,10.7100083092,70,IV,174.587820149,0.0467373898865,691.0,45.763578,10.117073,ZONE
0.05,0.05,0.05,0.05,2.36331803228,0.0267250806587,15.232409411,70,Z3,55.7403532555,0.587460555642,606.0,48.165076,10.733358,A365A
0.05,0.05,0.05,0.05,3.0,1.80576613756,3.89887763816,67,Z3,89.1931118074,11.8067450291,385.0,49.349,12.3832,A355A
41.3,0.84,17.2,1.61,1.92297219487,0.115977983076,7.26738148006,71,Z3,68.8543097703,1.32932248684,541.0,48.523049,10.933397,A363A
55.8,1.22,26.9,1.66,1.39941551065,0.00643045230641,9.31159243819,23,GE,70.154870034,0.277818260818,360.0,48.7719,9.195,STU
23.9,2.99,20.2,2.99,1.11435920294,0.464167392318,8.9229647082,111,Z3,50.2647295674,13.5112331362,644.0,47.464234,11.918863,A038A
23.3,0.53,169.4,0.93,3.0,0.290705183714,7.22141144843,200,Z3,72.4279203444,0.997066255258,878.0,47.752801,11.849163,A141A
118.0,1.55,154.0,1.1,0.695823057323,0.387040064526,18.5202706729,79,Z3,66.204296984,13.4814075284,407.0,49.9916,13.2331,A073A
34.8,1.04,34.5,2.89,1.86087936208,0.290887864889,11.0112365779,125,IV,17.453907757,4.12074367359,450.0,44.07746,11.707267,LMD
,,,,,,9.24004891833,83,Z3,,,370.0,49.2705,14.0739,A077A
73.9,0.66,95.4,1.07,1.59584218089,0.00570532585443,19.1035709082,105,Z3,98.4936929097,0.106741280235,1060.0,48.864,14.2845,A078A
31.1,0.72,68.1,1.29,1.59274826425,0.161037655159,9.34155256542,166,GR,49.9126238768,3.04080029387,903.0,47.6799,10.1071,UBR
69.2,1.05,41.4,3.05,1.29188893743,0.0019437836461,8.20036027772,76,Z3,89.6607880072,0.0617110520151,359.0,49.54596,8.72964,A113A
47.2,2.09,58.0,2.7,1.71452381941,0.0717158370422,17.4002413205,30,Z3,57.9210177796,1.34566959482,914.0,47.09835,8.92522,A061A
146.7,0.79,169.8,2.93,0.873103523711,0.127662962995,9.75840823201,130,GU,123.648294946,6.14032022451,674.0,44.35047,10.5881,GSCL
66.4,1.29,8.7,1.29,1.36159642822,0.0388692824724,18.3436689514,45,Z3,2.42952153104,0.993409178882,170.0,45.366,8.8338,A286A
65.9,1.17,60.9,1.22,1.25378852361,0.00573760679989,8.99211595782,55,Z3,50.4461764443,0.150258404323,858.0,47.552187,11.436308,A140A
109.6,0.53,143.7,0.91,1.18258619045,0.048561426061,5.85736505446,195,Z3,107.123869781,3.70692261956,495.0,49.4683,13.1735,A072A
84.0,0.9,141.5,0.91,1.93700145521,0.0684919912516,6.81358046619,116,OE,91.987640129,0.967362742287,909.0,46.6299,13.6416,MYKA
8.9,2.25,35.7,1.61,2.43591802374,0.0306628362653,14.2345018832,63,Z3,14.8617315923,0.568678659593,30.0,45.10738,10.481657,A312A
74.1,2.39,78.2,1.99,2.52646464433,0.0150144158614,4.4107058715,61,IV,137.258067051,0.130017846581,66.0,43.72193,10.52495,PII
60.3,2.65,59.5,2.04,3.0,0.461291922033,6.5115390208,51,Z3,135.680260613,2.08198194132,738.0,48.8697,13.1943,A358A
56.5,1.48,116.4,1.81,1.61680346781,0.0469871789245,8.08992434079,41,Z3,75.3058613314,1.78992658464,636.0,48.728855,10.296985,A360A
47.5,2.88,16.1,1.3,1.32745504895,0.0978371603853,10.3237295515,160,Z3,48.5272965318,3.2228981489,914.0,47.683648,11.003359,A143A
152.7,2.87,143.3,1.83,1.46158937704,0.131376635754,7.68219833358,113,Z3,120.351061081,3.6939074027,390.0,44.3712,5.14762,A193A
69.5,1.03,71.4,1.62,3.0,4.68435635482,8.62575217241,70,Z3,30.4181159579,19.8241806678,801.0,47.833268,10.62346,A366A
72.6,1.42,96.6,1.97,1.67083104531,0.00950600493257,8.15791700499,67,Z3,82.6268999198,0.332038618857,496.0,49.125931,10.546854,A368A
99.0,0.98,143.4,1.35,1.24716559688,0.0899594532658,8.11367831842,100,OE,97.7703240063,2.65053545319,1008.5,46.678,15.0327,SOKA
48.1,1.02,46.5,1.48,1.33739658808,0.0286403925545,9.95353523061,121,Z3,76.105802558,0.855923128413,497.0,49.116137,11.021613,A369A
87.8,1.61,129.7,1.22,1.40045542192,0.000984460720522,9.06255741916,20,Z3,123.692816144,0.0459334886317,492.0,48.478,12.4605,A148A
84.05,1.25,58.6,1.65,1.60230409028,0.0181880208723,9.71082157914,90,NI,71.8461003278,0.428109236137,608.0,46.25383,13.2755,VINO
63.6,2.87,93.8,2.28,1.88021943391,0.0863328056213,10.4382038302,73,Z3,120.813931804,2.09163568801,1245.0,44.4291,5.54989,A216A
141.9,2.44,132.8,1.67,1.13558981245,0.31917013813,11.9319981945,96,Z3,93.5215326887,12.0946239887,363.0,43.2197,6.601,A206A
92.2,1.45,106.2,1.61,1.41878732598,0.0055841567692,8.93276575054,20,GR,102.33538157,0.332951340025,552.0,49.270925,11.669966,GRB2
36.7,1.58,30.1,1.8,1.74660975312,0.0295184269806,16.5663593524,40,Z3,47.7743597763,0.57822510108,890.0,47.406962,10.293358,A105A
109.9,0.85,78.2,2.24,1.39982752501,0.00085204392386,17.9553275027,30,Z3,157.608055793,0.177093938538,152.0,44.8939,9.9098,A285A
92.05,0.65,157.8,2.94,2.59172852412,0.0260838972567,6.69588886753,25,GR,152.285247205,0.0469440727522,438.0,48.890174,11.585822,GRC3
87.8,1.66,82.9,2.93,3.0,1.52517753608,13.3226509091,88,Z3,60.5981122047,3.88377775614,240.0,46.86419,16.52761,A262A
146.5,1.59,124.1,2.99,1.56971798079,0.000872609750543,4.49467965891,10,GU,171.633842305,0.0894857112081,2285.0,45.4595,7.13433,LSD
128.8,0.72,128.3,1.92,1.17511292318,0.317170974611,9.55615419584,145,Z3,123.862085756,6.43188875803,173.0,43.120987,10.573185,A318A
94.8,2.43,8.6,2.97,3.0,0.758054984248,8.57533161015,101,Z3,9.11115631202,1.33911435508,171.0,46.95204,17.14856,A261A
0.05,0.05,0.05,0.05,3.0,0.0545072379449,11.1149267874,90,Z3,87.0168640488,0.618294813603,143.0,46.15967,17.28968,A264A
92.3,0.82,146.6,2.96,1.10741724352,0.0223343912387,567.993022124,67,Z3,114.06016503,0.838673055004,151.0,45.916386,17.81597,A273A
70.05,2.05,83.6,2.77,1.55207635845,0.00717157402561,7.90119328056,90,Z3,58.3967470238,0.136719355367,136.0,48.61153,7.89096,A123A
50.7,1.05,38.3,1.1,1.72255090722,0.407664333319,5.46568623954,97,NI,55.7826537394,5.882302812,150.0,46.0266,12.5005,POLC
56.2,1.9,101.7,2.3,1.66945359825,0.0945822028898,8.67271336947,97,OX,81.5611255074,1.89339291899,635.0,46.4569,12.8814,CLUD
104.05,1.05,82.6,1.23,1.6941187907,0.288521138702,5.15492708329,86,RF,67.1113982414,5.91679334856,255.0,46.275,13.1386,GEPF
20.8,1.44,14.5,2.69,1.5856052846,0.088449950782,6.23803761424,108,OX,68.9289051869,1.35248741223,710.0,46.3116,12.4448,CIMO
76.5,1.94,77.5,2.0,3.0,5.23339738648,5.65766593517,75,Z3,28.8463602414,19.8392952253,841.0,48.65387,8.4941,A124A
112.6,0.53,147.9,2.05,0.274677627336,0.884976376219,10.7367951335,54,Z3,132.485852391,66.6288779845,174.0,46.744449,18.965496,A272A
0.05,0.05,0.05,0.05,2.28480857866,inf,6.84100930141,95,CZ,106.260983409,inf,545.0,49.914,14.787,GOPC
115.7,2.16,91.6,1.81,2.5210950522,0.483260919941,11.1660717771,135,Z3,129.266185794,5.67560939518,35.0,43.049999,9.842445,A317A
16.4,1.21,152.05,3.05,1.47684643877,0.0174527354928,8.94436579656,50,Z3,177.221572615,0.950646803744,420.0,45.1209,5.0728,A185A
112.5,0.69,83.2,1.44,0.962729941606,0.138840779512,9.40182786038,135,OX,50.6939357329,5.05378014093,762.0,46.2408,12.9877,MPRI
72.2,1.35,45.5,1.47,1.80448932603,0.0638311021931,6.87375126883,96,OX,81.0837385221,1.19659859878,1911.0,46.5584,12.9729,ZOU2
,,,,,,9.55377902884,40,IV,,,610.0,44.05428,11.35855,SEI
79.0,2.79,12.2,1.64,1.70876141972,0.0991854455141,11.8891567456,20,CH,48.3931927947,1.72067194469,908.0,47.41465,8.90753,WILA
16.2,2.21,29.7,2.62,2.32975952192,0.06620336094,4.44854988149,75,GU,15.2292458421,0.0203390234052,638.0,44.2075,8.2372,CANO
0.05,0.05,0.05,0.05,1.4293747689,0.0225532121852,26.6027073202,30,Z3,96.3462201055,0.192734747944,195.0,45.238,8.2885,A283B
48.0,1.98,41.5,1.67,1.80208565655,0.0220986238587,9.36333562154,25,CH,51.423843698,0.719602504618,1746.0,46.578146,8.318864,GRIMS
157.9,0.88,160.2,2.05,0.949336454206,0.0318490502475,11.4774334246,20,CH,46.5667355895,0.842672113434,924.0,45.92184,9.04171,MUGIO
139.5,1.02,87.2,2.93,2.49133555649,0.0122034578663,80.6740489081,110,GU,96.9045246747,0.0787285560372,235.0,44.4712,8.9512,RNCA
35.6,0.96,72.9,1.63,1.60509600468,0.138664391029,10.7425731794,134,Z3,72.5202698552,3.3571377727,364.0,49.34262,7.74195,A129A
,,,,,,27.1059263871,81,Z3,,,243.0,47.28342,16.70556,A260A
94.0,2.68,61.8,2.87,2.68430605712,0.157518690931,7.96450109549,81,Z3,91.4217282568,1.22870623534,201.0,47.43127,17.92382,A268A
0.05,0.05,0.05,0.05,1.63346870977,0.0581462320648,12.6103034556,73,Z3,56.2118656477,1.77067214515,310.0,48.9743,8.68367,A125A
41.8,0.88,25.1,2.95,1.71038568174,0.0915615912368,13.0255410044,78,OX,85.2803127973,2.43684025789,1265.0,45.9922,12.1051,VARN
85.1,1.35,60.8,2.73,1.26471033293,0.181319222471,7.87196165347,76,Z3,58.9185217163,5.07093763641,282.0,48.27851,7.86782,A122A
41.9,0.85,10.8,1.02,1.36096358158,0.0123040870362,6.69776681895,15,IV,6.97141787189,0.250496520312,1660.0,45.76975,7.06101,MRGE
39.0,1.41,27.8,1.64,1.78455946514,0.00113549357756,13.83787208,29,CH,49.3017313335,0.0221735419577,1549.0,46.87034,8.4249,BNALP
164.5,1.19,41.5,2.94,2.18167411366,0.22663630141,7530.95015186,70,Z3,145.464419563,1.32248569867,249.0,44.5069,4.5869,A192A
94.2,1.04,72.4,1.83,1.28505653382,0.00326065376872,10.5704520998,25,GR,92.5479511072,0.10630840814,499.5,49.691888,11.22172,GRA1
68.05,2.45,16.9,2.02,2.02733719161,0.104009827085,7.52155803046,20,CH,67.4829582749,1.7662611253,1022.0,47.04921,9.38076,PLONS
23.5,1.0,77.9,2.98,0.968472666556,0.00633677217379,13.5967834721,20,CH,21.2184856501,0.556756906968,770.0,46.66488,7.62418,WIMIS
57.9,1.29,9.3,2.96,1.50365487172,0.123965804621,8.65701310448,20,GR,65.7648249132,3.0736511448,589.0,48.3311,8.3303,BFO
52.05,2.05,72.05,3.05,2.08490959866,0.00202065607356,17.2352590601,15,CH,34.0849913825,0.0400290897596,2160.0,46.41554,7.77166,LAUCH
77.1,1.28,38.6,2.91,1.43300003719,0.0873679693848,10.5322529709,74,OX,80.721452704,2.90652513084,444.0,46.3195,13.0984,BOO
147.8,0.72,12.6,1.04,0.87995159756,0.0552477711988,6.46408614263,25,GE,125.56829278,2.08792748872,740.0,49.7766,17.5428,MORC
163.8,0.87,61.6,1.79,3.0,0.516234813445,8.7973453471,121,Z3,169.220329641,2.01514972061,463.0,44.535919,10.596118,A306A
21.9,1.64,20.5,1.62,2.80711926327,0.0202518265931,9.73980548815,91,Z3,131.168383825,0.172649744677,32.0,44.170353,12.244515,A309A
24.6,1.02,8.7,1.5,1.31490069042,0.155108292087,11.2769586475,121,Z3,36.0888873659,10.2235908824,1.0,45.016739,12.033501,A304A
98.9,1.45,88.6,1.41,3.0,0.565833310661,6.81188776345,99,Z3,149.60613315,3.49821235799,174.0,48.371921,16.205439,A005B
29.7,2.05,44.7,1.85,1.96762858634,0.101633603101,11.7227957733,85,Z3,58.4549738077,1.31906907087,-3.0,44.959236,12.432347,A305A
148.05,1.25,20.4,2.05,2.90407445435,0.395309598796,10.5430184618,100,Z3,8.77905740853,1.38191861291,9.0,44.660755,11.436312,A307A
29.8,1.05,8.7,1.9,2.42822856167,0.23986919193,17.0352041471,95,Z3,176.240653855,1.74139498674,-2.0,44.582485,12.005684,A308A
36.7,1.05,8.5,1.28,1.24036731846,0.110094575012,7.72754698062,120,OX,53.7774695801,3.72756468668,870.0,46.009,12.4379,CAE
18.2,0.91,170.6,1.47,3.0,0.268103691671,9.94404192858,134,Z3,163.202929624,1.01399815578,1030.0,46.3296,6.6808,A173A
164.5,0.42,153.8,0.9,2.20262599725,0.0691471546754,7.31605739213,75,Z3,152.550639766,0.339166479388,476.0,46.362,5.8003,A214A
132.5,1.48,169.1,2.17,1.31325532906,0.0456479666744,8.16374189721,100,Z3,134.687482218,2.75080326269,152.0,47.8452,19.0186,A270A
88.6,1.72,33.6,2.93,1.35325801259,0.0897034843628,9.54190410503,90,Z3,81.7409918935,2.36604669512,468.0,48.530049,12.977644,A147B
145.1,0.83,152.0,0.91,3.0,1.41417849767,12.7028570344,82,Z3,172.155230542,3.30338450469,0.0,45.9427,5.0747,A175A
73.3,1.02,49.9,1.29,1.45075658962,0.00259247414233,9.69909149473,22,GR,89.6777748279,0.0811667957334,525.0,49.112131,11.676733,GRB5
93.2,0.65,104.7,1.66,1.74952293428,0.2104754748,11.9032551979,15,GR,84.2483352512,4.31568697434,517.0,49.343542,11.805983,GRB3
79.1,0.99,102.9,1.41,3.0,15.2032824993,8.54618992855,60,Z3,46.6451173562,38.9919674421,622.0,48.8277,5.92254,A210A
43.3,1.02,1.7,2.79,1.57195127886,0.0407022464059,13.269894015,30,IV,74.788842146,1.08384170687,1180.0,46.04818,11.6497,CTI
24.5,0.79,60.2,1.82,1.40436733812,0.00438216951336,17.3597807092,15,CH,48.7688476591,0.054999584766,710.0,46.77363,6.95874,TORNY
16.1,0.91,103.6,1.08,2.24884289376,0.00763352223187,16.7712310009,30,Z3,53.3906129251,0.103008804343,684.0,48.140039,9.199346,A102A
84.0,1.29,104.9,2.0,3.0,2.19948276088,12.8169630697,25,GR,120.132089651,12.5835904665,503.0,49.565403,11.435871,GRA4
43.3,2.7,51.2,1.57,1.69499698241,0.084977675303,10.0587735338,74,Z3,85.144347291,1.71445720376,528.0,48.509432,12.47666,A148B
146.05,1.85,168.05,2.65,3.0,0.344574155916,7.31241483329,24,IV,160.468466903,2.40376061019,636.0,43.47311,11.29017,CSNT
34.4,1.05,23.9,1.25,1.90525079742,0.00448276436733,11.3506678168,10,IV,71.6862760924,0.0725122430185,625.0,46.2601,12.7104,STAL
93.8,1.48,62.3,2.92,2.03273904063,0.180521835505,8.52037366194,110,Z3,120.425269011,3.3330321873,1255.0,44.3933,6.5023,A194A
,,,,,,6.91994762641,127,Z3,,,465.0,47.6908,5.0502,A160A
79.5,1.92,45.3,2.92,1.30412470355,0.0248549386715,7.94603745981,50,Z3,107.830590196,1.06923895994,339.0,50.0019,10.7612,A351B
73.8,2.69,13.2,1.92,1.13806504342,0.040501474065,13.3239676765,20,OX,55.6913181327,1.5426211584,814.0,46.1495,12.6154,MLN
56.05,1.45,75.8,2.97,1.60725836022,0.0357696059589,16.3725607151,25,OX,57.5780886704,0.547426854983,785.0,45.6378,11.2099,MARN
94.9,1.47,84.0,1.67,1.54729111612,0.0935326107588,6.18004924519,118,Z3,117.240363077,2.75135037109,341.0,43.7438,3.6883,A199A
132.8,0.49,145.5,2.89,1.59611666557,0.0866258199397,7.86866519302,105,Z3,92.5172322961,1.42546528683,381.0,48.100199,14.139852,A024B
72.5,2.88,73.2,1.98,0.878665180687,0.341907756391,10.4765625731,78,Z3,83.7962388432,11.9159937083,830.0,42.2326,8.7937,A208A
95.3,1.03,130.1,2.05,1.52425651683,0.0160001643475,6.1879921153,10,Z3,79.6637229066,0.47819952339,0.0,42.5041,9.4944,A209A
0.05,0.05,0.05,0.05,1.26215351575,inf,12.4908085154,20,Z3,72.0202257314,inf,660.0,45.8107,6.2004,A178A
48.2,1.01,71.1,1.29,1.14665798074,0.0155822551933,5.53634723772,20,CH,43.7340311042,0.760401070226,1920.0,46.96765,8.63706,MUO
15.9,1.25,169.2,1.7,1.67181996391,0.152746152156,7.24940209675,32,CH,50.0678487485,3.33800002792,1280.0,46.75681,8.15117,HASLI
152.0,1.65,149.5,1.62,1.39675028137,0.000281819767116,9.74823991844,10,IV,12.3899662356,0.0365606951208,1215.0,43.61888,11.95167,CRE
118.05,1.65,120.05,1.65,2.37895917089,0.403623334746,8.92583537803,65,Z3,135.377706857,3.28842360175,1087.0,44.3701,6.0733,A217A
108.7,0.77,131.6,2.87,1.03416517099,0.00704556583361,11.9686387284,48,Z3,69.3925767191,0.109794681291,845.0,45.3113,4.0427,A180A
65.4,0.34,124.3,2.98,2.16478183554,0.00247847825592,9.21340981971,20,GU,26.257988414,0.0317042135237,3005.0,45.8753,7.8685,SATI
24.4,0.99,160.5,2.95,2.01082874268,0.25310976272,11.9809715443,35,Z3,168.696059384,1.66410663014,292.0,44.8534,7.7099,A281A
67.2,1.03,40.8,2.9,2.13328745382,0.181078371062,9.84423835575,83,Z3,92.7995475948,1.68672572001,461.0,49.344669,9.974411,A118B
48.05,1.25,80.05,3.05,1.27877736726,0.0442577991636,8.55220325105,83,CR,17.5709094351,1.11567726438,288.0,43.1776,16.4488,HVAR
110.05,0.45,114.2,0.45,1.03667389403,0.013911576672,6.10526647485,51,Z3,78.4151197243,0.537817656893,625.0,45.9926,4.4619,A174A
110.7,0.82,10.9,0.91,1.95642446705,0.0328888799507,8.58690101797,25,OX,79.9530118332,0.292750055278,520.0,46.4142,13.0011,FUSE
12.6,1.06,8.9,2.15,2.53560658389,0.447833073227,8.33183638035,57,Z3,57.0087824133,3.33883504975,104.0,49.3986,8.59629,A128A
31.5,1.35,9.9,1.41,2.07556270909,0.0861974988892,7.08769769634,67,Z3,177.373825939,0.900727781817,1305.0,45.3805,6.302,A181A
122.05,2.45,122.8,2.37,2.27725907227,0.0257588184358,4.02123128466,55,Z3,131.647231713,0.00604878121962,380.0,47.9467,4.5341,A156A
0.05,0.05,0.05,0.05,1.38819750664,0.0114836005124,13.7595164768,56,Z3,144.740311048,0.238657960273,520.0,45.5963,4.6086,A177A
25.7,1.21,18.2,1.6,1.55349657749,0.00412740181548,9.9645559542,15,Z3,53.8417958801,0.110315683662,667.0,48.019394,10.199769,A107C
103.4,0.32,62.3,2.91,1.82253140081,0.228012672594,5.72500795632,45,Z3,72.7959530871,2.78830816439,880.0,44.9695,2.8069,A182A
0.05,0.05,0.05,0.05,1.49392732111,0.000642629697736,9.36445081201,35,IV,0.728721466862,0.16881209915,19.0,44.8873,10.8987,NDIM
41.0,0.71,62.3,2.76,0.995599902397,0.0669449704615,20.5551348669,70,Z3,25.1491457697,6.59043861981,1049.1,46.993,7.97764,A060B
,,,,,,10.2031802272,6,NI,,,1417.0,46.4258,12.7419,PURA
0.05,0.05,0.05,0.05,0.703636911235,0.00924778087797,5.5588924294,87,Z3,128.676876655,0.521543957635,238.0,48.318,4.7968,A153A
106.3,2.05,132.05,2.25,2.36371795688,0.0752335849197,15.9436466648,15,GU,133.089631211,0.776588512203,440.0,44.045,10.757,POPM
53.0,2.89,47.9,2.96,2.12250395512,0.0557395901879,6.75166249427,51,OE,82.6043892047,0.682182151065,614.0,47.6913,13.6383,BIOA
