station,network,st_lat,st_lon,st_ele,mean_SNR_0,n_data,dt,phi,dt_error,phi_error,SC_fast,SC_lag,CC_fast,CC_lag
A009A,Z3,47.677545,16.090361,469.0,2.16360516001,160,1.23224159149,127.577659736,0.151449868404,4.08436162216,153.5,2.89,90.4,0.75
A006A,Z3,48.740379,16.020298,230.0,3.67904973308,238,1.07870458503,103.33340011,0.11095682276,4.82497922452,111.0,0.9,113.6,0.51
A005A,Z3,48.37843,16.120699,176.0,5.07116842101,65,1.64969573795,126.114569806,0.0380633771999,0.600955411497,6.9,1.1,120.05,2.85
A018A,Z3,47.743667,15.077621,748.0,5.47129675632,153,0.913873233486,125.477414693,0.160680737142,6.201370804,123.7,2.0,154.8,0.61
A013A,Z3,48.063503,15.406258,530.0,2.91165467546,165,0.427569560662,117.646050632,0.123016420801,11.3011064893,165.8,0.91,133.9,0.72
A024A,Z3,48.213063,14.136727,303.0,1.79551236154,60,2.03277044935,83.0874282382,0.500811190399,4.63441839929,142.2,2.93,105.1,1.41
A017A,Z3,47.947999,14.758903,589.0,4.17858989725,126,1.11501333568,73.9935486989,0.070578768548,1.34935675601,8.8,2.88,35.5,0.46
A014A,Z3,48.348264,15.161949,773.0,4.64156970882,158,0.867762788132,107.060708724,0.0887832618767,4.70730256811,100.9,0.91,149.7,0.53
JAVC,CZ,48.8591,17.6707,828.0,2.1147200847,281,1.0286736597,129.735606147,0.0616513759469,1.99809959254,152.4,0.91,121.4,0.79
VRAC,CZ,49.3084,16.5933,470.0,2.36188919445,177,1.01563921852,121.195255196,0.0654126227918,3.9948673582,136.5,2.88,135.8,0.96
A335A,Z3,48.446947,18.335925,320.0,3.12903165104,136,0.715636754361,134.551897517,0.090854843776,5.34425274387,16.2,1.7,149.4,0.71
TREC,CZ,49.2948,15.4871,559.0,2.42201412105,130,0.674838018516,103.750791646,0.0481592939392,2.42814512993,167.2,2.87,124.0,0.28
PRU,CZ,49.9883,14.5417,302.0,2.9533140117,205,0.726650984364,111.967542069,0.021759967687,2.33274613995,140.9,0.91,116.4,0.76
A007A,Z3,48.716246,15.528793,484.0,3.31523338694,181,0.530049677356,133.763766364,0.153156489641,8.66533018359,173.0,2.89,128.0,0.33
LUSI,SI,45.9595,10.9436,860.0,3.11633607022,165,0.564300381419,65.6451235257,0.220003952767,8.72782578497,31.8,2.89,66.1,0.72
A028A,Z3,47.10295,13.99576,1105.0,2.60913250473,114,1.52392584135,90.8427698981,0.111673559317,2.16123147087,36.8,2.9,112.9,1.01
BOSI,SI,46.4952,11.3185,242.0,2.4133151895,50,1.01276835075,40.4426006873,0.0106357375373,0.590359352607,13.4,1.29,38.5,1.21
A025A,Z3,47.52074,14.41648,794.0,2.86597437134,105,1.04951782781,73.9049476103,0.222683349768,5.7723786809,77.8,2.9,69.3,0.34
A033A,Z3,47.479741,13.125997,827.0,2.86005472104,240,0.573994798452,65.2200373985,0.230536486605,7.19028389546,107.3,2.86,80.1,0.8
MOSI,SI,46.6164,10.5495,1957.0,2.72747248688,105,1.56267436723,171.919208086,0.257421368516,2.83018459246,64.9,0.53,30.6,0.31
KHC,CZ,49.1309,13.5782,700.0,2.26583939175,167,0.869059166991,93.1022775161,0.121657218717,4.51223084803,157.9,1.31,116.8,0.34
KOVH,HU,46.0883,18.0999,270.0,3.1130083985,110,2.30967424581,103.899161955,0.0209196275565,0.0874065841823,30.8,3.05,56.1,0.95
GAGG,ST,46.0835,10.9587,1617.0,3.27898333376,165,1.03487926503,44.4585683818,0.241867324641,6.71646999119,119.3,1.47,32.5,1.31
KRUC,CZ,49.0619,16.3952,341.0,2.87378584716,165,0.838226817431,115.454449037,0.026871840149,1.47275958377,163.8,0.91,118.7,0.72
VYHS,SK,48.494,18.8361,480.0,4.78411475628,125,1.05109692451,134.465930038,0.0493891677656,1.76390100128,8.1,0.91,121.8,0.85
EGYH,HU,47.4162,17.3317,126.0,3.08766339961,135,2.31817740678,83.2868037788,0.0937965122012,1.72526974714,88.05,1.85,90.05,1.85
CSKK,HU,47.3631,18.2606,320.0,1.6994939825,78,0.673909008085,105.875778144,0.015101363431,1.1295151962,127.7,0.89,89.4,0.53
A026A,Z3,46.933176,14.551554,800.0,2.52617503019,230,1.31452226237,93.3387065955,0.0740869592264,1.63463161282,137.5,2.92,130.4,1.46
ABSI,SI,46.7285,11.3205,1801.0,2.81707799223,90,3.0,64.3393247096,1.55005759576,2.79379521093,8.1,1.09,38.5,1.1
A027A,Z3,46.8159,14.00737,1217.0,3.63699198173,130,1.79459073342,80.1825087269,0.0781825942595,0.994579724538,139.2,0.91,116.1,0.68
A331A,Z3,49.150114,18.220939,427.0,3.77803809628,195,0.91063591293,130.87326307,0.114907961093,6.58102934536,169.2,2.91,126.0,0.52
MODS,SK,48.373,17.277,520.0,3.26326166804,45,1.76982532207,149.180046,0.0355620319169,0.183026136584,0.05,0.05,0.05,0.05
ROSI,SI,46.9281,11.4118,1917.0,2.56521835627,79,1.2577140657,66.7340842477,0.197470823244,3.13200547388,8.9,0.72,38.4,0.56
A029A,Z3,47.43007,13.76105,992.0,3.04381275771,135,1.14214990709,81.9096099758,0.130544647278,2.33006695471,138.7,1.44,114.5,0.53
BUD,HU,47.4831,19.0201,196.0,2.13454153215,149,0.570132770443,113.643503572,0.0606866535504,4.60185843027,151.3,2.88,113.2,0.51
A332A,Z3,48.804489,18.464488,359.0,4.20537821065,197,1.3780293821,120.048239217,0.0746288289529,2.75055448172,144.0,2.89,129.5,0.79
MORC,CZ,49.7766,17.5428,740.0,2.91570720104,75,1.15161753775,124.178785534,0.110690214207,3.18276188232,164.7,2.93,109.4,1.05
SOP,HU,47.6807,16.5567,260.0,1.80759008542,164,0.914903612758,107.660233262,0.169480370145,12.2227053563,132.8,2.6,116.1,1.13
KOSI,SI,46.463,11.3778,1604.0,2.12452959962,70,1.07491914232,56.7366519733,0.0168637571724,0.478195489537,0.05,0.05,0.05,0.05
A034A,Z3,46.90914,13.07875,1050.0,2.63342613068,85,1.63555463996,88.9807229089,0.0818076895864,2.62053090084,129.0,2.05,132.0,2.87
A023A,Z3,48.46082,14.07072,587.0,inf,128,0.570119740222,102.32990417,0.117889308658,6.63579872194,117.5,2.88,54.4,1.05
A087A,Z3,49.7049,16.8893,430.0,7.56417341901,180,0.861923983985,121.538711006,0.0700950141759,2.65146075805,19.6,2.52,160.9,0.53
A022A,Z3,48.63481,14.73259,777.0,inf,135,1.30462684955,73.9818429305,0.747037463808,6.87491358269,64.6,2.91,144.5,0.49
A086A,Z3,49.8528,16.1457,391.0,2.95683156241,107,0.826953276755,136.806918913,0.260174134304,14.3977545541,146.1,1.2,115.9,0.53
A337A,Z3,48.244305,17.789761,117.0,7.57380614193,181,0.920082821528,83.9687537506,0.00836676739147,0.267379680872,115.5,0.58,114.2,0.45
A015A,Z3,48.93337,14.99364,500.0,3.07069510651,190,0.588425189928,84.2393073915,0.113375014094,5.89817660957,115.4,2.37,118.0,0.55
A339A,Z3,47.829403,17.655876,110.0,3.05322131419,99,1.60513106047,1.16751716116,0.366644929042,5.6035202353,69.4,2.88,19.3,0.72
RISI,SI,46.948,12.0787,1785.0,2.38458122036,97,1.45070520245,91.2126926156,0.0911671625994,2.21343034481,98.6,2.95,69.0,1.03
FETA,OE,47.0211,10.7291,1632.0,3.79915472547,205,1.11594169914,61.4003868306,0.0739283243819,2.26335340264,62.3,0.79,63.2,0.72
KBA,OE,47.0784,13.3447,1721.0,2.63619936169,155,1.22800097191,92.813777802,0.0702706082933,1.53915792029,156.0,0.91,98.0,2.35
A080A,Z3,49.684,14.9288,502.0,3.74912082301,142,0.579641800453,84.3066122345,0.150831428232,6.89871119875,162.3,2.55,132.0,0.34
DAVA,OE,47.2867,9.8803,1602.0,4.76704098326,180,1.55544892056,57.2598170234,0.051345163187,1.03035073565,62.2,2.89,62.3,1.74
CONA,OE,47.9282,15.8618,1046.0,2.67629309149,150,0.66719601572,117.835401575,0.0350992243588,1.90270322202,149.4,0.96,170.0,0.34
OBKA,OE,46.5092,14.5489,1074.7,2.6973709894,182,1.38815089306,93.2314941856,0.0900811812946,2.19876519502,135.4,1.13,133.5,0.9
A035A,Z3,47.1968,12.720905,1652.0,2.62624113632,141,1.18563388471,85.5276708972,0.171195997013,5.90044767447,102.4,1.65,66.2,2.88
A031A,Z3,48.42719,13.49746,366.0,3.10490018555,125,1.35406263463,90.0454866334,0.0271995454787,0.555159007297,33.2,1.13,77.9,1.13
A079A,Z3,49.2288,14.7074,438.0,3.98310202735,148,0.89873153817,85.7825315787,0.107439577289,4.03036478617,147.7,2.9,111.6,0.39
ABTA,OE,46.7474,12.5123,1041.0,3.2779198978,175,1.5833515672,74.7336825828,0.0714741668964,1.39021066745,14.6,1.83,94.0,0.53
MOTA,OE,47.3448,11.1037,1575.0,4.03000974645,232,1.15956050559,61.7630081564,0.0761825469899,1.52976354401,8.8,0.72,23.3,0.62
A020A,Z3,46.948445,15.299396,390.0,3.32373950577,85,1.69520853092,97.7107056246,0.0666517963186,3.21247544383,109.8,2.97,105.0,2.05
RETA,OE,47.4871,10.7623,965.0,4.70348669859,154,0.787813200596,54.6162880828,0.0481868471817,2.21034205023,14.5,1.39,28.0,1.11
A084A,Z3,48.9434,15.7007,403.0,4.34931269889,137,1.13606608543,108.435013166,0.0861097213074,3.3799324061,17.9,0.47,122.2,0.25
SQTA,OE,47.2205,11.2087,1307.0,3.07239944974,198,1.0387538381,50.7146649774,0.0959038531748,2.74723386349,97.9,1.57,16.4,0.9
ARSA,OE,47.2505,15.5232,577.0,2.51277413236,225,1.56614631687,69.2692727431,0.634159558894,6.0870598795,22.6,0.69,29.8,0.67
A004A,Z3,47.962876,16.397063,188.0,11.9696390327,135,1.80253651548,128.409134028,0.00313466463646,0.0517693576065,168.05,3.05,132.05,1.25
MOA,OE,47.8495,14.2659,572.0,3.30422227735,136,1.86450230066,83.0177535968,0.220799479405,1.88916746745,135.0,1.48,131.1,1.11
A083A,Z3,49.6959,15.6077,573.0,11.9881086997,137,0.838577574239,115.457184554,0.0500174785049,1.2216733491,116.05,3.05,82.1,0.25
A021A,Z3,46.756569,15.825348,265.0,2.87923550702,160,1.38810631167,90.5228387994,0.0918165738039,1.60852046372,84.2,2.92,84.6,0.53
A002A,Z3,48.317533,16.615229,162.0,2.7188282785,58,1.31941853465,124.408667173,0.0471127472939,1.39877119204,156.9,2.89,125.9,1.42
WTTA,OE,47.2638,11.6363,1764.0,2.75617587252,166,1.29037614603,62.2012736445,0.140259128536,1.72855592463,22.1,0.53,24.3,0.9
WATA,OE,47.3357,11.5763,1492.0,4.28561050048,170,1.43383113645,64.3200043136,0.14752068816,2.24667850968,8.9,1.5,41.5,1.31
A037A,Z3,47.070347,10.264323,2020.0,3.74186366165,225,1.9740624429,56.0252669427,0.0681408356518,1.29003601531,28.4,1.95,46.2,1.83
A089A,Z3,49.1521,17.092,263.0,5.02428981737,155,1.04566771447,125.790865295,0.060180472429,2.57656276022,169.3,1.13,118.5,1.03
A030A,Z3,47.8277,13.5612,640.0,3.01989657525,204,1.04190311864,84.5039031692,0.0599744728761,2.09224850747,102.0,1.31,91.2,1.85
A010A,Z3,47.073329,16.079254,266.0,3.31063747644,124,0.723278217428,94.8900294797,0.119895285646,4.33650722641,151.9,0.34,163.6,0.33
A085A,Z3,49.4392,16.1962,458.0,5.24480212147,143,1.06361750042,114.665949214,0.0695398634876,3.05982873383,144.0,2.88,139.1,1.31
A088A,Z3,49.4303,17.2911,211.0,3.52324757664,62,1.06021995779,117.445970614,0.109879142349,9.5351228852,151.6,0.83,137.7,0.81
CKRC,CZ,48.8199,14.3095,500.0,2.9536622929,120,0.434190511456,72.1953674007,0.0962475473908,9.89804080676,27.7,0.91,63.7,0.53
CSNA,OE,47.9282,15.8588,1039.0,2.63528580384,142,0.782199359815,136.661619454,0.167224749331,6.95600002198,168.9,2.88,160.8,2.88
A032A,Z3,48.12299,13.30632,608.0,7.94425088082,152,2.58493006231,61.6137098581,0.0288395273578,0.249362501013,0.05,0.05,0.05,0.05
A090A,Z3,49.3655,17.8278,659.0,3.11167347264,147,0.996136096786,139.801029421,0.107374616161,3.72222295292,147.3,0.72,118.5,0.33
A036A,Z3,47.378903,12.308427,1020.0,3.8022894688,163,1.67892400997,78.0322276466,0.209722895874,4.23725793159,30.4,2.92,85.4,2.91
WETR,BW,49.14502,12.87571,607.0,4.94397282196,99,1.07922697542,97.5134295881,0.131238724016,2.930904112,108.2,1.25,75.0,1.03
A074A,Z3,49.6715,13.5309,385.0,3.38064505596,180,0.969042010267,73.5259415445,0.124287981502,3.91153538609,15.4,1.3,39.5,1.18
A082A,Z3,50.061,15.6502,220.0,5.07257817026,89,1.39112923125,40.205898702,inf,inf,0.05,0.05,0.05,0.05
A075A,Z3,50.0377,13.8737,285.0,5.7110223882,76,1.46165291651,151.231780101,0.317319930379,4.61758088935,82.9,0.53,114.5,0.42
A081A,Z3,50.0752,15.0341,228.0,3.78094627878,135,1.41303268395,79.0230918119,0.109786798213,1.41946511138,136.3,2.88,114.0,0.65
A076A,Z3,49.6168,14.1494,532.0,3.39910094227,176,1.24282248261,102.80899553,0.17639736729,5.01158148717,113.9,1.31,97.4,0.97
A300A,Z3,45.819313,13.127954,6.0,2.33906043222,169,0.770568915995,64.3189527223,0.0530127458923,1.87609310307,169.3,0.9,49.0,0.9
A112A,Z3,49.64994,7.90856,434.0,101.74107863,70,1.03857223888,86.8556457142,0.00111951672176,0.00578761422972,100.1,1.25,104.05,1.25
A215A,Z3,45.4307,5.23226,450.0,2.81789182882,175,1.39588639455,147.290391414,0.126804500591,3.67401867447,124.5,2.79,140.7,1.45
FUR,GR,48.1639,11.2768,565.0,4.56710938898,142,1.25825128168,60.5400816386,0.0622508751077,1.86506057734,8.0,0.91,12.0,0.71
NARO,IV,43.610823,12.580583,272.0,3.73561778739,60,1.40645446302,39.205344866,0.0259359773384,2.38330981097,0.05,0.05,0.05,0.05
A103A,Z3,47.810224,9.52212,547.0,4.47420981245,30,1.33425815574,31.8545412727,0.325814647788,7.73385479204,31.4,2.92,33.0,1.37
A116A,Z3,49.39802,9.48334,323.0,2.10289759103,43,1.35430107239,46.9153976402,0.0030422710474,0.309995899195,0.05,0.05,0.05,0.05
A301A,Z3,45.619781,12.620993,2.0,7.1622395358,95,2.56459420911,24.0832407914,0.0107044950627,0.143355381325,32.3,2.25,37.7,2.25
A104A,Z3,48.062785,9.710348,575.0,3.77634213702,20,1.61962242417,56.6856647631,0.0335205818252,1.6844525412,102.5,1.84,81.7,1.45
A265A,Z3,46.42445,17.79538,151.0,2.95256410319,175,0.80391724584,92.3188465722,0.183368334287,5.4622820132,30.5,0.9,71.2,0.34
BURY,GU,43.7825,7.5569,20.0,2.19640302628,80,2.35287630436,110.40969061,0.0534881332154,0.906301627796,98.6,2.21,103.2,2.8
MGRO,GU,44.0426,7.8082,1690.0,4.66860557642,90,2.17944921241,115.596853687,0.377329888735,4.5392479526,94.8,1.86,65.5,2.43
A111A,Z3,49.8478,10.2132,249.0,3.43879730746,130,0.325698631668,73.5852097903,0.190697975316,25.2128023213,122.0,1.92,51.4,1.05
A267A,Z3,46.94631,18.48203,116.0,2.82342058088,152,1.06019684649,105.952259436,0.114960853672,2.4037447973,97.7,0.49,74.3,0.53
BRIS,IV,44.22454,11.76657,260.0,5.01022713929,85,1.41375873045,169.651047654,0.000422165899827,0.153263303288,8.05,0.85,9.9,0.85
A263A,Z3,46.64078,17.31486,165.0,3.70023198919,105,0.774637566141,117.918268103,0.191118279623,5.21168084013,127.4,2.88,108.8,0.24
VARE,IV,45.867695,8.77,1219.0,4.41357173643,80,1.49760365815,48.6297334794,0.0491662474237,0.626906313682,14.0,0.7,19.2,0.66
A288A,Z3,46.0082,8.4818,1306.0,4.76462575452,30,2.78407513206,45.2900913923,0.110329683919,0.662547526101,158.8,2.96,38.6,1.67
A354A,Z3,49.4523,10.969,327.0,3.13020460408,80,2.36560312513,93.8427392588,0.0194056975319,0.115125130201,74.8,1.38,73.3,1.37
A303A,Z3,45.344273,12.31822,11.0,inf,140,1.2525574441,49.9934260272,0.105406892036,4.22320851732,26.4,2.89,41.1,1.35
A117A,Z3,49.04409,9.56839,494.0,4.76244242557,70,1.53676742736,84.6368752806,0.0626029829548,1.71555934361,43.2,2.91,59.0,1.29
A114A,Z3,49.5901,9.1824,466.0,4.18435322562,78,1.11094760836,75.4124110652,0.0133257102029,0.787787455513,45.4,1.19,69.5,1.19
A109A,Z3,48.44379,9.458581,665.0,5.34874007387,45,1.45016450407,56.136317622,0.0898888262156,2.49542128952,4.9,0.72,31.2,0.7
A126A,Z3,48.98935,8.49214,182.0,3.60791170357,40,2.50918478983,87.226223247,0.065260978702,0.532746411088,39.4,1.86,99.6,1.48
A158A,Z3,48.0044,6.347,622.0,2.72067622461,105,1.72764926531,84.2371143782,0.227577883177,3.2514179957,57.6,2.36,122.0,1.09
A107A,Z3,48.031091,10.227152,684.0,2.29135584852,10,2.17381877772,50.4836518301,0.0134410355472,0.237465396964,58.8,1.45,29.9,1.45
A071A,Z3,49.7419,12.6911,502.0,3.14918856723,137,1.62600308336,90.8761999393,0.171556172275,3.78572005807,94.1,3.05,94.05,3.05
A271A,Z3,47.154749,18.834197,174.0,5.12199645871,58,1.42651160109,121.893235038,inf,inf,136.2,2.62,98.05,1.45
A302A,Z3,45.63353,11.971315,26.0,3.47785293277,95,0.845277326294,52.7110972585,0.0284970201864,1.32466555545,4.2,0.71,44.4,0.63
A353A,Z3,49.5178,10.5426,415.0,8.59880076921,35,1.4086525221,37.5749126607,0.00541720603319,0.511189873386,0.05,0.05,0.05,0.05
EQUI,GU,44.166,10.153,350.0,1.19685866651,125,0.855925741914,104.950836436,0.0145709972833,0.524740124564,135.9,2.78,110.05,1.05
A350A,Z3,50.1674,11.5708,489.0,3.09431363898,31,1.10170437949,79.5253362287,0.375874915552,9.24293529599,25.2,3.05,25.6,2.93
GEC2,GR,48.844303,13.700627,1150.0,2.95919235001,155,0.938144479387,92.7884335238,0.0330758857345,1.49564381319,100.2,1.26,134.4,0.7
A291A,Z3,46.6246,11.8805,1568.0,6.91001792586,50,1.72855091202,73.4113283747,0.0817074883191,1.50899325799,8.9,1.48,23.6,1.42
A290A,Z3,46.5068,10.9028,1729.0,6.26277239866,29,1.62928502308,52.1008940404,0.00728738742026,0.161966265307,14.1,1.05,28.05,1.05
A108A,Z3,48.347749,9.83113,564.0,4.13055585828,30,1.5693876898,57.7402362229,0.0303537507218,0.665430943508,14.4,1.66,98.9,0.82
A051A,Z3,45.0125,16.9069,862.0,2.34743018514,35,1.06837929113,101.758215521,0.0354718561861,0.634124987813,124.05,3.05,112.05,1.65
A289A,Z3,46.0473,9.761,1780.0,3.72495478962,30,1.15532223615,51.8614060045,0.00881676377127,0.240124435559,41.1,2.93,79.6,0.82
GRAM,GU,44.4913,10.0658,850.0,1.99086186746,78,1.41765705186,101.574852397,0.0532031391106,1.02332640155,0.05,0.05,0.05,0.05
A356A,Z3,49.0371,12.2138,398.0,3.00907370235,115,3.0,87.8442267979,2.87551517619,26.519283774,150.6,1.82,118.05,2.05
WET,GR,49.1448,12.8803,613.0,3.02543849461,145,1.05498467202,90.8846474371,0.086835883179,2.5580561128,137.0,1.05,102.4,0.31
DOSS,ST,45.8808,11.1884,1660.0,2.64496579122,90,1.7476095202,9.12249351088,0.0453818191951,0.567049881961,20.4,1.47,36.9,1.04
A115A,Z3,49.273972,9.052361,277.0,4.44761409347,35,2.99042232335,109.425658123,4.69054804016,3.75994489519,32.8,2.96,55.4,1.18
ZONE,IV,45.763578,10.117073,691.0,3.76139367592,80,0.816868047532,42.6888029865,0.00838381307074,0.269399201255,36.1,1.64,64.2,0.65
A355A,Z3,49.349,12.3832,385.0,1.60034962289,65,3.0,87.7974769578,4.33340509387,25.4243198258,0.05,0.05,0.05,0.05
A363A,Z3,48.523049,10.933397,541.0,2.99761689801,70,1.68078313554,69.0439078698,0.0987048355983,1.49267076555,17.2,1.43,41.3,0.84
STU,GE,48.7719,9.195,360.0,3.81943888371,20,1.69034059675,64.9322302949,0.00656271134102,0.11451923559,26.9,1.66,55.8,1.22
A038A,Z3,47.464234,11.918863,644.0,3.60241502442,130,1.58275069968,79.6353658136,0.176406695714,3.58131832446,20.2,2.99,23.9,2.99
A280A,Z3,44.5391,7.9089,288.0,5.3822190969,30,3.0,133.624665009,0.173169910775,1.12345517513,11.6,1.1,36.8,1.84
A141A,Z3,47.752801,11.849163,878.0,3.30262667222,200,0.848398809136,57.5175316842,0.169615725037,5.13212130266,83.4,2.88,23.3,0.53
A073A,Z3,49.9916,13.2331,407.0,6.96773499218,78,0.799568942463,65.9624609263,0.212268967641,6.97424405862,90.0,2.9,83.1,0.71
LMD,IV,44.07746,11.707267,450.0,4.38262316661,125,1.29037424779,10.6452734843,0.207840272814,4.30020437021,34.5,2.89,34.8,2.3
A077A,Z3,49.2705,14.0739,370.0,4.4227227718,93,1.40107092339,20.6270728142,0.00844290122984,2.00484926156,0.05,0.05,0.05,0.05
A078A,Z3,48.864,14.2845,1060.0,7.80315178734,105,1.12294137697,91.4760419523,0.210176251491,7.36395114963,133.7,2.89,74.1,2.5
UBR,GR,47.6799,10.1071,903.0,3.88595433968,160,1.73710754792,54.7925022404,0.116257138146,1.58298440615,68.1,1.3,27.7,0.53
A113A,Z3,49.54596,8.72964,359.0,2.93758992472,81,1.18246774189,92.5709363964,0.0532402276707,1.62052523977,106.4,2.95,70.5,0.97
CARD,GU,44.026,10.4821,380.0,4.34034288571,78,1.55784135945,173.05903677,0.00986693928086,1.39970942627,0.05,0.05,0.05,0.05
A061A,Z3,47.09835,8.92522,914.0,8.35207561031,30,1.51138036328,59.8832951918,0.0742274957037,1.64961250119,58.0,2.7,47.2,2.09
GSCL,GU,44.35047,10.5881,674.0,4.13196604762,125,0.388345005267,121.113739616,0.284537381674,16.5061752818,90.3,2.92,146.1,0.72
A286A,Z3,45.366,8.8338,170.0,6.00361548641,45,1.14666476307,1.67898617725,0.0752700020237,2.16728398032,8.7,1.29,66.4,1.29
A140A,Z3,47.552187,11.436308,858.0,3.49137292853,55,1.09146691544,49.3767636206,0.084416577734,3.5461736341,60.9,1.22,65.9,1.17
A072A,Z3,49.4683,13.1735,495.0,2.33946804501,198,1.14918262154,104.223646912,0.060981647719,3.78454384839,143.9,2.9,110.3,1.35
MYKA,OE,46.6299,13.6416,909.0,2.78810324787,120,1.48689032356,94.5515499762,0.065295108572,1.29284680638,137.9,0.91,68.0,0.72
A312A,Z3,45.10738,10.481657,30.0,6.34177290379,68,3.0,173.912372345,2.60293906602,5.20105289911,26.7,1.62,8.9,1.82
CAVE,IV,44.8658,11.0031,18.0,4.20037110098,52,1.13575563204,178.392501211,0.0128491500266,0.328773680503,19.9,1.56,170.2,1.97
PII,IV,43.72193,10.52495,66.0,1.98722742422,61,2.00176417114,139.409908098,0.0836560383024,0.740359010762,81.4,1.96,76.8,1.26
A358A,Z3,48.8697,13.1943,738.0,2.50303481874,50,3.0,83.3056868695,2.20923938192,13.3200760029,124.5,2.05,103.7,2.61
OPPE,IV,45.3082,11.1724,20.0,6.20553935124,60,1.43769194302,170.622088356,inf,inf,104.05,1.45,94.05,3.05
A062A,Z3,46.1808,9.1126,1733.2,8.08641575673,45,2.60328775929,41.2625780618,0.0179051666058,0.0864868659782,28.4,0.53,14.3,0.51
AVR,MT,44.9558,5.65306,870.5,20.8148704041,70,0.836723575423,159.102649539,0.0292170810637,1.91035643749,104.3,2.77,134.1,1.25
A360A,Z3,48.728855,10.296985,636.0,3.00021416225,38,1.45165000595,69.9829890821,0.0178682926529,0.585668658622,116.4,1.81,56.5,1.48
A143A,Z3,47.683648,11.003359,914.0,4.41283054541,160,1.09062756844,54.0958766503,0.0658479675235,2.19865099108,18.2,1.72,47.5,2.86
A193A,Z3,44.3712,5.14762,390.0,2.82794040664,111,1.2219217337,123.308809429,0.142683820536,3.78192968849,143.2,1.76,158.1,0.53
A366A,Z3,47.833268,10.62346,801.0,3.42906093685,65,3.0,29.1217535984,0.327324141512,1.79699856309,69.5,1.62,69.5,1.03
A368A,Z3,49.125931,10.546854,496.0,3.73851555749,65,1.66213152276,80.3306063379,0.088394916636,2.23734438822,39.1,1.43,70.7,1.41
SOKA,OE,46.678,15.0327,1008.5,3.81548954278,95,1.07302730154,90.8020941067,0.0963202804244,2.71723810727,142.6,1.46,120.8,0.83
A369A,Z3,49.116137,11.021613,497.0,4.18326340234,120,1.08094250414,66.5590386473,0.0559001513604,2.25051857003,46.5,1.48,48.1,1.02
BEHE,HU,46.4703,16.7755,303.0,3.58938598134,92,1.15225436421,42.518110372,0.0100819115216,0.145568555443,142.7,1.08,25.2,0.79
A148A,Z3,48.478,12.4605,492.0,2.65878004258,20,1.10879473349,109.794250513,0.0127475257736,0.384844889248,46.7,1.21,85.6,1.62
VINO,NI,46.25383,13.2755,608.0,3.80761200103,90,0.948099397043,108.652775474,0.00445818762015,0.212675216555,58.6,1.65,84.05,1.25
A216A,Z3,44.4291,5.54989,1245.0,5.00247682398,70,1.89179776803,132.219952439,0.139228060394,1.81433501893,91.7,2.92,63.7,2.87
A206A,Z3,43.2197,6.601,363.0,4.72485528144,104,0.787943079012,98.9445858974,0.324556676261,18.5444534177,85.8,2.67,68.0,2.88
GRB2,GR,49.270925,11.669966,552.0,3.80905513892,20,1.71077504479,75.8625371328,0.10911914484,2.10685905142,105.6,1.67,92.4,1.48
GRC2,GR,48.867567,11.375543,445.0,3.72236339138,15,1.50205879908,39.1402938896,0.019833108894,0.443321676506,89.5,2.91,85.7,2.91
A105A,Z3,47.406962,10.293358,890.0,8.49557620893,35,1.38921842654,55.3363655646,0.0534807043644,1.18162573853,169.3,0.53,8.2,1.53
GRA2,GR,49.655208,11.359444,512.0,6.69075117548,20,2.30604576692,27.1266928379,0.0318738151439,0.208088790581,41.8,0.61,68.05,0.65
SENIN,CH,46.36335,7.29938,2019.6,10.6361493522,5,1.3461521193,38.4022283283,0.00275626350312,0.445312132,11.7,3.05,53.9,0.39
RSP,GU,45.14817,7.26533,1285.0,4.35983764944,5,,,,,,,,
GRC3,GR,48.890174,11.585822,438.0,2.59538040249,25,0.985965448743,63.8688272103,0.256314384313,4.37307472984,154.2,0.53,114.6,0.34
A262A,Z3,46.86419,16.52761,240.0,4.95270658659,95,3.0,53.583312152,0.938397329651,2.64050426504,172.2,1.65,8.05,1.65
LSD,GU,45.4595,7.13433,2285.0,2.12055750395,10,1.54021618209,175.174058249,0.00224810590205,0.296488759904,124.1,2.99,146.5,1.59
A318A,Z3,43.120987,10.573185,173.0,3.82468823591,150,0.838384075378,119.483160501,0.258423884771,7.79015043338,128.3,1.92,128.8,0.72
A261A,Z3,46.95204,17.14856,171.0,3.46884057886,102,2.99999999999,10.7186603029,0.133141675975,0.216979113328,91.4,2.95,93.2,2.45
A264A,Z3,46.15967,17.28968,143.0,4.28653476954,100,1.16690673484,94.5276217433,0.0586720938683,1.38108627683,0.05,0.05,0.05,0.05
A273A,Z3,45.916386,17.81597,151.0,249.774980973,80,0.884910138562,116.497675918,0.0235233838504,1.43248667187,146.6,2.93,133.7,0.82
A123A,Z3,48.61153,7.89096,136.0,2.80743856979,85,1.42008453751,60.7689738652,0.0190476995151,0.439610798378,80.1,2.77,67.7,1.92
POLC,NI,46.0266,12.5005,150.0,2.1698472684,96,0.302152664813,67.616640044,0.475122854734,44.539902505,136.8,1.81,150.7,1.99
CLUD,OX,46.4569,12.8814,635.0,3.81422215649,95,1.57436757655,74.6452687593,0.139006402066,2.66597470706,101.7,2.3,52.4,1.9
GEPF,RF,46.275,13.1386,255.0,1.75115057163,89,1.73719780297,109.303524045,0.316960795177,5.48919835466,159.9,2.55,96.8,2.9
CIMO,OX,46.3116,12.4448,710.0,2.99346840167,110,1.31950595623,67.1648178374,0.0449758356257,0.841333983674,14.5,2.69,20.8,1.44
A124A,Z3,48.65387,8.4941,841.0,2.26189041354,80,1.18503555313,65.2318063967,0.157578313979,6.68688095783,6.9,2.0,78.0,0.67
A272A,Z3,46.744449,18.965496,174.0,4.04128321115,59,0.398038473903,139.949631405,0.36425859317,23.9964505672,144.7,1.57,111.9,0.34
A317A,Z3,43.049999,9.842445,35.0,4.1619237783,140,2.12085891978,88.4906762283,0.0799415091647,1.35183810536,149.2,1.8,146.3,1.44
A185A,Z3,45.1209,5.0728,420.0,3.30642118871,45,2.1585999351,154.604875639,0.0863277130007,0.413671855028,72.2,2.86,117.2,0.26
MPRI,OX,46.2408,12.9877,762.0,3.95269968775,130,0.926280153517,74.5199074725,0.0551716810955,1.84051248577,81.4,2.87,114.5,2.29
ZOU2,OX,46.5584,12.9729,1911.0,2.68315270574,90,1.33281745237,79.3276322074,0.0548951648256,1.60680533279,45.5,2.91,47.5,1.35
WILA,CH,47.41465,8.90753,908.0,5.55349319448,20,1.66638946524,53.4977336141,0.106639861148,1.66924612578,8.7,2.89,60.4,2.88
CANO,GU,44.2075,8.2372,638.0,2.00463483933,71,1.97918041879,13.3394432962,0.11315941427,1.72510726796,24.3,2.62,16.2,2.21
A283B,Z3,45.238,8.2885,195.0,11.5635803534,30,1.364516993,98.762172134,0.0246422443118,0.124136500937,0.05,0.05,0.05,0.05
DAVOX,CH,46.7805,9.87952,1830.0,6.83767556674,25,1.11079715491,63.2970242433,0.00245621508501,0.042528592525,173.3,0.27,7.1,0.25
GRIMS,CH,46.578146,8.318864,1746.0,4.00958287143,25,1.64004641407,56.4156786456,0.0257155706282,0.624008114253,41.5,1.67,48.0,1.98
MUGIO,CH,45.92184,9.04171,924.0,4.93992800947,20,1.28265907093,55.804669435,0.0363885204244,0.554923028761,158.7,1.98,28.3,1.04
VANNI,CH,46.21006,7.59678,1520.0,6.26844178186,25,1.02401979285,1.91876795432,0.709415293337,14.4119682851,25.8,2.97,48.4,1.1
BOURR,CH,47.39364,7.2301,846.8,3.28491896147,15,1.36051957119,43.0186067233,0.00115854277558,0.135531044183,20.1,2.79,56.1,1.21
DIX,CH,46.081053,7.408391,2370.2,6.84877930512,10,1.34025998881,34.8568414255,0.000391694204139,0.0815921137837,12.2,3.05,56.05,0.79
LIENZ,CH,47.294437,9.491773,1567.0,4.42346446029,10,1.64793991703,62.6726987148,0.0273399098922,1.7710677701,12.0,2.96,59.1,1.86
GROG,IV,43.42618,9.89201,118.0,3.66479749877,15,1.90282806936,117.014282164,0.012890739125,0.0936762625086,96.6,2.94,139.5,1.19
ASQU,IV,43.7967,11.7893,860.0,3.71725568025,20,0.535140985696,34.9188588085,5.13402857114e-05,0.00870687294298,150.05,0.45,4.05,0.25
RNCA,GU,44.4712,8.9512,235.0,33.0486660165,120,2.02074500672,95.502249107,0.0169301575855,0.138039326533,87.2,2.93,139.5,1.02
A129A,Z3,49.34262,7.74195,364.0,3.78330722627,133,1.28944295471,65.8388097167,0.0834124178158,2.32153939865,70.5,1.63,35.4,0.72
A268A,Z3,47.43127,17.92382,201.0,2.79731471356,79,1.43595355574,80.2267188399,0.0496583402745,1.25531204937,59.9,3.05,91.5,2.79
A125A,Z3,48.9743,8.68367,310.0,5.19508006571,72,1.43502660182,57.1778054445,0.0780144191207,2.38790956726,0.05,0.05,0.05,0.05
VARN,OX,45.9922,12.1051,1265.0,5.87495046783,74,1.63480236948,80.980278952,0.196246195267,4.50465676176,13.7,2.85,36.0,1.1
A122A,Z3,48.27851,7.86782,282.0,2.84813021854,68,0.975032265269,53.5577935477,0.114430482874,4.33405312797,62.3,2.73,29.1,1.25
GRC4,GR,49.086746,11.526272,503.0,2.6973403139,15,1.48948465591,31.7377024404,0.019406157514,0.240768000501,108.1,1.82,72.05,0.45
MRGE,IV,45.76975,7.06101,1660.0,3.15842203565,15,1.12345796232,4.64240105921,0.0133857228003,0.269265480005,10.8,1.02,41.9,0.85
BNALP,CH,46.87034,8.4249,1549.0,6.85640907816,25,1.75954331533,54.4985081633,0.0195695026117,0.369924993744,27.8,1.64,39.0,1.41
A192A,Z3,44.5069,4.5869,249.0,2024.64250702,75,1.11641464362,150.868884084,0.0462699374555,1.04760665045,39.2,0.91,130.3,0.82
GRA1,GR,49.691888,11.22172,499.5,4.19091331146,25,0.987622333616,93.4198724667,0.0228980399535,1.026587742,72.4,1.83,94.2,1.04
PLONS,CH,47.04921,9.38076,1022.0,3.21305503616,20,1.92200906914,65.9567415028,0.0719438077714,1.21991869946,16.9,2.02,68.05,2.45
WIMIS,CH,46.66488,7.62418,770.0,5.11544278459,20,0.986729943542,8.60267076947,0.765344283324,18.3481060129,21.2,3.05,57.7,1.1
BFO,GR,48.3311,8.3303,589.0,3.65474110074,20,1.51529787145,64.5904065046,0.0694117022005,1.98017111633,34.9,2.64,57.9,1.48
STV,GU,44.2455,7.326,930.0,3.58320311311,25,1.24314793129,117.646120228,0.0546946026239,1.74952124945,112.3,1.16,119.8,1.16
LAUCH,CH,46.41554,7.77166,2160.0,6.80330858788,15,3.0,4.13960995568,0.300591448878,1.54096580001,167.0,2.99,158.4,2.95
BOO,OX,46.3195,13.0984,444.0,3.43025904941,105,1.16143639104,81.4887615205,0.0625503574307,2.58479015698,38.5,1.29,78.2,1.28
MORC,GE,49.7766,17.5428,740.0,3.28519308005,25,0.758419053897,124.939803902,0.0327250891917,1.31459525354,133.0,1.07,106.3,0.72
A306A,Z3,44.535919,10.596118,463.0,3.34333917459,125,2.77786314796,166.015682548,0.226021400368,0.711891493749,8.8,1.43,164.0,1.99
A309A,Z3,44.170353,12.244515,32.0,3.96724031841,100,1.70114903765,155.862115487,0.0102265278181,0.184344710201,144.05,1.79,160.6,2.02
A304A,Z3,45.016739,12.033501,1.0,4.78953276478,130,1.29320019686,17.4777755585,0.106627304498,2.53786232619,8.8,1.17,25.8,1.31
A005B,Z3,48.371921,16.205439,174.0,2.77063185569,120,1.34241963026,120.735369256,0.0730426244451,2.75780187917,116.9,1.45,7.7,1.35
A305A,Z3,44.959236,12.432347,-3.0,5.38734587101,85,1.98405234667,59.6196475115,0.0560334128842,0.609142600669,44.7,1.78,29.7,2.09
A307A,Z3,44.660755,11.436312,9.0,3.84455985133,105,2.48763752711,8.7827652337,0.012294469755,0.141933846319,0.05,0.05,0.05,0.05
A308A,Z3,44.582485,12.005684,-2.0,6.21291807884,95,1.80454498619,2.53077134829,0.161086871859,1.84567131164,8.7,1.77,29.8,1.04
CAE,OX,46.009,12.4379,870.0,3.17477344549,115,0.933499669686,49.2967105583,0.0659694152526,2.72107279296,8.5,1.28,36.7,1.05
A184A,Z3,44.892,4.4516,750.0,3.4848154467,119,1.31043077311,0.748018590523,0.0148007700281,0.466736288808,132.5,0.87,10.1,0.78
A163A,Z3,47.197,5.20102,222.0,2.05809237534,66,0.872928214003,131.350362457,inf,inf,0.05,0.05,0.05,0.05
A173A,Z3,46.3296,6.6808,1030.0,4.58080693051,122,0.865379010014,175.332142232,0.0725469134404,2.37556944636,170.6,1.47,165.8,0.91
A214A,Z3,46.362,5.8003,476.0,3.41923489711,80,0.737409495852,146.069431019,0.00613379172416,0.128073565931,153.9,2.76,99.1,0.45
A270A,Z3,47.8452,19.0186,152.0,3.34038415557,106,0.958043402106,150.170538483,0.240723548402,8.77212382937,169.1,2.17,127.6,1.35
A147B,Z3,48.530049,12.977644,468.0,4.26674437643,90,1.05989498773,91.2611814897,0.0869466143872,1.89287750216,33.6,1.92,86.0,0.28
A175A,Z3,45.9427,5.0747,0.0,4.832370944,80,0.630886066601,168.897911296,0.29299132529,9.70931659646,152.0,0.91,145.1,0.83
GRB5,GR,49.112131,11.676733,525.0,3.94392518251,20,1.29083163598,87.8082903656,0.00638949482819,0.244004931045,49.9,1.29,73.3,1.02
GRB3,GR,49.343542,11.805983,517.0,5.60291164318,15,1.65164438391,82.2388476179,0.158370585108,3.11403537267,104.7,1.66,93.2,0.65
A210A,Z3,48.8277,5.92254,622.0,3.3845114084,63,0.986229509577,60.3134784442,0.172789585959,3.4779739382,102.9,1.41,79.1,0.99
CTI,IV,46.04818,11.6497,1180.0,5.89801829937,30,1.50754863792,74.720266976,0.0692520229577,1.66634367498,1.7,2.79,43.3,1.02
TORNY,CH,46.77363,6.95874,710.0,5.17906962572,15,0.904204974231,53.4698806885,0.0277082494114,0.463034757149,60.2,1.82,24.5,0.79
A102A,Z3,48.140039,9.199346,684.0,5.99889321606,30,1.53605575431,60.1127387047,0.0888346647855,1.39568677875,103.6,1.08,16.1,0.79
EMBD,CH,46.21652,7.83223,1180.0,4.43187312212,30,2.47387461773,166.14583723,0.0383012257951,0.574576701314,12.5,2.95,163.5,2.92
GRA4,GR,49.565403,11.435871,503.0,5.67155794176,25,3.0,120.517282189,1.61180455557,8.61040885207,104.9,1.97,84.0,1.29
A148B,Z3,48.509432,12.47666,528.0,4.32438747734,75,1.41262556451,86.459613952,0.0767423206411,1.7540607004,42.7,1.61,43.3,0.9
CSNT,IV,43.47311,11.29017,636.0,2.63403553295,25,3.0,164.221698864,0.286247506671,1.46595508176,161.4,2.61,145.6,1.82
STAL,IV,46.2601,12.7104,625.0,4.68725278808,10,1.56292009959,76.0285785619,0.0115876993753,0.226706898517,23.9,1.25,34.4,1.05
A194A,Z3,44.3933,6.5023,1255.0,2.9860562277,100,1.46259494181,106.772113987,0.0656038686801,1.89124366777,157.1,0.91,97.2,0.87
A160A,Z3,47.6908,5.0502,465.0,2.73752013627,131,1.47602195391,2.87736553391,0.000786702027859,0.182742638614,108.05,2.65,154.05,0.85
A351B,Z3,50.0019,10.7612,339.0,3.01991899134,50,1.64350442084,126.551296986,0.180392403386,3.64337110522,45.3,2.92,79.5,1.92
MLN,OX,46.1495,12.6154,814.0,5.28195802404,23,1.58368743624,74.2655806529,0.2556140598,3.83171568141,13.2,2.88,76.0,2.88
MARN,OX,45.6378,11.2099,785.0,6.06826499922,25,1.39600683776,61.0335464746,0.0223356511498,0.353632579186,75.8,2.97,56.05,1.45
A121A,Z3,47.83542,7.72581,399.0,2.46783584159,80,2.89125696115,76.5351638238,0.0277739941986,0.0829798228642,58.9,0.68,32.0,1.16
A188A,Z3,44.6001,3.9367,1085.0,5.01165593399,95,0.949532514047,72.0150694138,0.0389209570996,0.867063127083,150.05,3.05,114.05,0.25
A199A,Z3,43.7438,3.6883,341.0,2.4105108553,117,1.14557013134,125.996464069,0.0404724102443,2.26302126781,140.0,1.8,94.9,1.47
A202A,Z3,43.5025,3.2602,212.0,3.83114886747,65,0.679006721497,103.555306707,0.00526167316367,0.365227256402,85.2,1.05,80.2,2.05
A024B,Z3,48.100199,14.139852,381.0,3.44214081697,105,0.730083331743,133.885466098,0.431856065002,14.4561009147,151.6,2.87,95.2,0.51
A208A,Z3,42.2326,8.7937,830.0,4.04228820286,80,0.831585486732,66.8452619547,0.725120036101,9.5950658123,80.1,1.86,72.5,2.88
MUO,CH,46.96765,8.63706,1920.0,2.49376286471,20,1.15609604797,52.7272581686,0.0054394474705,0.277718572493,18.7,1.26,50.2,1.19
HASLI,CH,46.75681,8.15117,1280.0,3.54604972709,25,1.32745207797,50.3339913705,0.152003815055,4.11926912714,169.2,1.7,15.9,1.25
CRE,IV,43.61888,11.95167,1215.0,3.85382212778,10,1.42496874286,9.00375085691,0.00280086809237,0.288607107265,149.5,1.62,152.0,1.65
A171A,Z3,46.2008,4.1125,378.0,2.01933382979,60,2.25195093218,145.384509965,0.081883032743,0.729407982689,130.05,3.05,80.05,2.65
MILB,GR,49.8284,9.2923,369.0,3.0502640583,25,3.0,118.113959295,0.414291344552,1.44819843053,3.9,2.99,152.2,1.41
A217A,Z3,44.3701,6.0733,1087.0,3.77699316568,67,2.68353019298,138.093508385,0.0509019314118,0.350282158238,14.4,2.93,174.5,2.89
A167A,Z3,46.7469,5.31951,203.0,7.17684908332,48,0.973280828604,133.404644174,0.00100204762624,0.368943967855,137.9,2.95,96.05,0.25
A180A,Z3,45.3113,4.0427,845.0,4.20995701232,53,2.54438438358,60.241989745,1.07551310679,3.38666084559,129.6,2.87,105.2,0.9
SATI,GU,45.8753,7.8685,3005.0,3.66434492267,20,2.10094266365,25.4571839135,0.000660773169466,0.00868927134384,124.3,2.98,65.4,0.34
SULZ,CH,47.52753,8.11187,668.0,4.1883844925,25,3.0,0.570139256362,0.0491350512005,0.339588760524,50.1,2.24,51.9,2.64
A281A,Z3,44.8534,7.7099,292.0,1.76670200552,29,3.0,165.65516171,0.52065429658,1.25233713152,134.0,1.29,122.6,1.19
A118B,Z3,49.344669,9.974411,461.0,4.66684624728,80,1.35307846858,88.4435873656,0.11865560929,2.34070836154,40.8,2.9,67.2,1.03
HVAR,CR,43.1776,16.4488,288.0,3.80861803007,80,0.605056048193,20.6329398142,0.110371844906,7.55902552702,151.8,1.46,9.9,0.45
A174A,Z3,45.9926,4.4619,625.0,2.07735296515,66,1.24792157101,155.623872892,0.715327944988,12.1575208158,119.7,0.53,111.5,0.53
FUSE,OX,46.4142,13.0011,520.0,3.98706748722,25,1.50783430693,79.7980314099,0.00834375582061,0.0917397682801,10.9,0.91,49.4,0.58
A128A,Z3,49.3986,8.59629,104.0,3.68204628676,60,2.1163811919,62.4226699207,0.0362254623997,0.141527424592,44.5,0.68,18.6,0.24
A181A,Z3,45.3805,6.302,1305.0,3.1090069348,70,1.79656709555,175.982187158,0.13876202291,1.81978234918,8.9,1.47,170.3,1.35
A156A,Z3,47.9467,4.5341,380.0,1.73231421732,55,1.70960760749,134.327952923,0.0932870173545,1.69855063371,122.8,2.37,122.05,2.45
A177A,Z3,45.5963,4.6086,520.0,4.63480183497,60,1.14585932161,68.2007498918,inf,inf,0.05,0.05,0.05,0.05
A107C,Z3,48.019394,10.199769,667.0,4.43840792685,15,1.29013950681,39.4840967529,0.163982497151,3.75638548527,20.0,1.64,25.7,1.25
A127A,Z3,49.19668,7.97808,442.0,2.70635921225,45,1.0037375678,78.001146504,0.236374786988,11.4354502553,117.6,2.81,91.3,1.28
A186B,Z3,44.793,5.5892,978.0,6.08708256551,25,2.55225124996,152.622731359,0.17314945218,0.495616126832,80.05,1.65,106.05,0.65
A182A,Z3,44.9695,2.8069,880.0,2.21498592435,45,1.38113979073,64.7568224962,0.0490371895227,0.300400172701,139.7,1.2,104.2,0.25
A169A,Z3,46.5963,4.58183,300.0,2.40546305347,35,1.37414686547,152.289609966,0.00151137759754,0.344638540941,113.2,0.65,126.2,0.65
NDIM,IV,44.8873,10.8987,19.0,3.88032118461,35,1.4562928629,5.24485646104,0.000913853230184,0.341571648707,0.05,0.05,0.05,0.05
A060B,Z3,46.993,7.97764,1049.1,8.3252769902,70,0.998400094461,57.5822873306,0.331706339327,6.31820104037,62.3,2.93,37.7,0.71
PURA,NI,46.4258,12.7419,1417.0,2.57919713016,15,,,,,,,,
A153A,Z3,48.318,4.7968,238.0,2.54913961831,79,0.932844705848,78.7686235349,0.2749635781,4.71243418213,139.0,0.53,89.5,0.53
A155A,Z3,48.4312,6.08404,501.0,4.45140974668,45,3.0,71.657860235,0.875920772875,2.95580843353,150.5,2.96,149.6,2.99
A152A,Z3,48.7248,6.85392,0.0,5.15652609466,45,1.59900220751,68.892818694,0.00529217915626,0.00413061690984,70.1,1.65,78.05,1.65
BIOA,OE,47.6913,13.6383,614.0,2.90445862054,55,1.48402270958,80.8648232876,0.13123292487,1.44004297517,19.4,0.72,45.4,0.53
RONA,OE,47.6997,16.2963,699.1,2.06177753988,55,3.0,152.686441782,0.356313564218,1.52215225815,141.2,1.67,118.2,0.91
